{"tuple":4,"coefficents":{"b":[-0.42494629430720465],"c":[-0.9805316863587556],"d":[0.40024167561761903],"e":[-0.13829215896885105]},"intercept":[9.985365198711094]}